"Reference","Qty","Value","DNP","Exclude from BOM","Exclude from Board","Footprint","Datasheet","Description","#","MPN","Voltage Rating"
"C1,C_IN1,C_IN2,C_IN3,C_IN4,C_PVIN1,C_PVIN2","7","10u","","","","Capacitor_SMD:C_0805_2012Metric","","Unpolarized capacitor","1","","25V"
"C1A1,C2,C2A1,C6,C_AVIN1,C_AVIN2,C_BATT2,C_BATT4,C_BATT6,C_BATT8,C_BST1,C_BST2,C_BST3,C_BST4","14","100n","","","","Capacitor_SMD:C_0603_1608Metric","","Unpolarized capacitor","2","","16V"
"C1B1,C_BATT1,C_BATT3,C_BATT5,C_BATT7,C_OUT1,C_SYS1,C_SYS2,C_SYS3,C_SYS4,C_SYS5,C_SYS6,C_SYS7,C_SYS8","14","22u","","","","Capacitor_SMD:C_0805_2012Metric","","Unpolarized capacitor","3","","25V"
"C2B1,C2C1","2","10u","","","","Capacitor_SMD:C_0805_2012Metric","","Unpolarized capacitor","4","","16V"
"C3","1","2.2u","","","","Capacitor_SMD:C_0603_1608Metric","","Unpolarized capacitor","5","","16V"
"C4,C4a1,C4b1","3","22u","","","","Capacitor_SMD:C_1206_3216Metric","","Unpolarized capacitor","6","","35V"
"C5","1","3n","","","","Capacitor_SMD:C_0603_1608Metric","","Unpolarized capacitor","7","","10V"
"C7","1","47n","","","","Capacitor_SMD:C_0603_1608Metric","","Unpolarized capacitor","8","","10V"
"C8,C16","2","100u","","","","Capacitor_SMD:CP_Elec_6.3x5.4","","Polarized electrolytic capacitor, US symbol","9","","16V"
"C9","1","1u","","","","Capacitor_SMD:C_0603_1608Metric","","Unpolarized capacitor","10","","25V"
"C10,C11","2","22n","","","","Capacitor_SMD:C_0603_1608Metric","","Unpolarized capacitor","11","","10V"
"C12,C_VCC1,C_VCC2,C_VCC3,C_VCC4","5","1u","","","","Capacitor_SMD:C_0603_1608Metric","","Unpolarized capacitor","12","","16V"
"C13,C14","2","100n","","","","Capacitor_SMD:C_0603_1608Metric","","Unpolarized capacitor","13","","10V"
"C15","1","100n","","","","Capacitor_SMD:C_0603_1608Metric","","Unpolarized capacitor","14","",""
"C_OUT2","1","22u","","","","Capacitor_SMD:C_0805_2012Metric","","Unpolarized capacitor","15","","16V"
"C_REG2,C_REG3,C_REG4,C_REG5,C_REG6,C_REG7,C_REG8,C_REG9","8","470n","","","","Capacitor_SMD:C_0603_1608Metric","","Unpolarized capacitor","16","","16V"
"C_SS1,C_SS2","2","3.3n","","","","Capacitor_SMD:C_0603_1608Metric","","Unpolarized capacitor","17","","16V"
"D1,D2,D3,D4","4","D_Schottky","","","","Diode_SMD:D_SOD-128","","Schottky diode","18","RSX301LAM30TR",""
"D5","1","LED","","","","LED_SMD:LED_0805_2012Metric","","Light emitting diode","19","",""
"D_ALRT1,D_SCL1,D_SCL2,D_SCL3,D_SCL4,D_SDA1,D_SDA2,D_SDA3,D_SDA4","9","4.7","","","","Diode_SMD:D_0603_1608Metric","","Zener diode","20","TVSL02V05C005 (check)",""
"J1","1","Conn_01x19","","","","Connector_PinHeader_2.54mm:PinHeader_1x19_P2.54mm_Vertical","","Generic connector, single row, 01x19, script generated (kicad-library-utils/schlib/autogen/connector/)","21","",""
"J2","1","Conn_01x25","","","","Connector_PinHeader_2.54mm:PinHeader_1x25_P2.54mm_Vertical","","Generic connector, single row, 01x25, script generated (kicad-library-utils/schlib/autogen/connector/)","22","",""
"J3","1","Conn_01x9","","","","Connector_PinHeader_2.54mm:PinHeader_1x09_P2.54mm_Vertical","","Generic connector, single row, 01x09, script generated (kicad-library-utils/schlib/autogen/connector/)","23","",""
"J4","1","Conn_01x02","","","","Connector_PinHeader_2.54mm:PinHeader_1x02_P2.54mm_Vertical","","Generic connector, single row, 01x02, script generated (kicad-library-utils/schlib/autogen/connector/)","24","",""
"L1,L_SW1,L_SW2","3","2.2u","","","","footprints:IND_IFSC_1515AH_VIS","","Inductor","25","IFSC1515AHER2R2M01",""
"L2","1","4.7u","","","","footprints:IND_ASPI-7318-4R7M-T","","Inductor","26","ASPI-7318-4R7M-T",""
"LED_ACOK1,LED_ACOK2,LED_ACOK3,LED_ACOK4","4","GREEN","","","","LED_SMD:LED_0805_2012Metric","","Light emitting diode","27","LTST-C171KGKT",""
"LED_STAT1,LED_STAT2,LED_STAT3,LED_STAT4","4","ORANGE","","","","LED_SMD:LED_0805_2012Metric","","Light emitting diode","28","LTST-C170KFKT",""
"L_1,L_2,L_3,L_4","4","1.5u","","","","footprints:IND_AMELA2012S-1R5MT","","Inductor","29","AMELA2012S-1R5MT",""
"R1","1","510k","","","","Resistor_SMD:R_0603_1608Metric","","Resistor, US symbol","30","",""
"R2","1","56k","","","","Resistor_SMD:R_0603_1608Metric","","Resistor, US symbol","31","",""
"R3","1","330k","","","","Resistor_SMD:R_0603_1608Metric","","Resistor, US symbol","32","",""
"R4","1","100k","","","","Resistor_SMD:R_0603_1608Metric","","Resistor, US symbol","33","",""
"R5","1","20k","","","","Resistor_SMD:R_0603_1608Metric","","Resistor, US symbol","34","",""
"R6","1","12k","","","","Resistor_SMD:R_0603_1608Metric","","Resistor, US symbol","35","",""
"R7,R9,R13","3","5k","","","","Resistor_SMD:R_0603_1608Metric","","Resistor, US symbol","36","",""
"R8,R12","2","24k","","","","Resistor_SMD:R_0603_1608Metric","","Resistor, US symbol","37","",""
"R10","1","499k","","","","Resistor_SMD:R_0603_1608Metric","","Resistor, US symbol","38","",""
"R11","1","21.5k","","","","Resistor_SMD:R_0603_1608Metric","","Resistor, US symbol","39","",""
"R14","1","330","","","","Resistor_SMD:R_0603_1608Metric","","Resistor, US symbol","40","",""
"R15","1","30k","","","","Resistor_SMD:R_0603_1608Metric","","Resistor, US symbol","41","",""
"R_ACOK1,R_ACOK2,R_ACOK3,R_ACOK4,R_STAT1,R_STAT2,R_STAT3,R_STAT4","8","1.5k","","","","Resistor_SMD:R_0603_1608Metric","","Resistor, US symbol","42","",""
"R_ALRT1","1","1k","","","","Resistor_SMD:R_0603_1608Metric","","Resistor, US symbol","43","",""
"R_BATT1,R_BATT2,R_BATT3,R_BATT4,R_MID1,R_MID2,R_MID3,R_MID4","8","50R","","","","Resistor_SMD:R_0603_1608Metric","","Resistor, US symbol","44","",""
"R_H1,R_H2,R_H3,R_H4","4","28.7k","","","","Resistor_SMD:R_0603_1608Metric","","Resistor, US symbol","45","",""
"R_ISET1,R_ISET2,R_ISET3,R_ISET4","4","6k","","","","Resistor_SMD:R_0603_1608Metric","","Resistor, US symbol","46","",""
"R_L1,R_L2,R_L3,R_L4","4","10k","","","","Resistor_SMD:R_0603_1608Metric","","Resistor, US symbol","47","",""
"R_SCL1,R_SCL2,R_SCL3,R_SCL4,R_SDA1,R_SDA2,R_SDA3,R_SDA4","8","150R","","","","Resistor_SMD:R_0603_1608Metric","","Resistor, US symbol","48","",""
"R_SENSE1,R_SENSE2,R_SENSE3,R_SENSE4","4","10m","","","","Resistor_SMD:R_0603_1608Metric","","Resistor, US symbol","49","",""
"R_T1,R_T3,R_T5,R_T7","4","16k","","","","Resistor_SMD:R_0603_1608Metric","","Resistor, US symbol","50","",""
"R_T2,R_T4,R_T6,R_T8","4","6.2k","","","","Resistor_SMD:R_0603_1608Metric","","Resistor, US symbol","51","",""
"R_VBATT1,R_VBATT2,R_VBATT3,R_VBATT4","4","33k","","","","Resistor_SMD:R_0603_1608Metric","","Resistor, US symbol","52","",""
"SW1,SW3","2","SWITCH","","","","footprints:SWITCH-R","","","53","",""
"SW2","1","SWITCH","","","","footprints:SWITCH-L","","","54","",""
"TP1,TP2","2","TestPoint","","","","TestPoint:TestPoint_Pad_D1.5mm","","test point","55","",""
"U1,U8,U10,U12","4","MP2672AGD-0000-Z","","","","footprints:QFN-18_MP2672A_MNP","https://www.monolithicpower.com/en/documentview/productdocument/index/version/2/document_type/Datasheet/lang/en/sku/MP2672AGD","","56","",""
"U2","1","TPS62132RGTR","","","","footprints:RGT16_1P7X1P7","https://www.ti.com/lit/gpn/tps62132","","57","",""
"U3","1","TPS62133RGTR","","","","footprints:RGT0016C","https://www.ti.com/lit/gpn/tps62133","","58","",""
"U4","1","MP28167GQ-Z","","","","footprints:QFN-16_MP28167GQ_MNP","https://www.monolithicpower.com/en/documentview/productdocument/index/version/2/document_type/Datasheet/lang/en/sku/MP28167GQ","","59","",""
"U5,U9,U11,U13","4","MAX17205G+","","","","footprints:21-0137_T1433&plus_2C_MXM","MAX17205G+","","60","",""
"U6","1","TPS61088RHLR","","","","footprints:RHL0020A","https://www.ti.com/lit/gpn/tps61088","","61","",""
"U7","1","TPS2121RUXR","","","","footprints:RUX0012A","https://www.ti.com/lit/gpn/tps2121","","62","",""
